<nodes>
  <node id="1A" x="0.0" y="0.0" type="priority"/>
  <node id="2A" x="0.0" y="-149.0" type="priority"/>
  <node id="3A" x="0.0" y="-298.0" type="priority"/>
  <node id="4A" x="0.0" y="-447.0" type="priority"/>
  <node id="5A" x="0.0" y="-596.0" type="priority"/>
  <node id="6A" x="0.0" y="-745.0" type="priority"/>
  <node id="7A" x="0.0" y="-894" type="priority"/>
  
  <node id="1B" x="74.5" y="0.0" type="priority"/>
  <node id="2B" x="74.5" y="-149.0" type="priority"/>
  <node id="3B" x="74.5" y="-298.0" type="priority"/>
  <node id="4B" x="74.5" y="-447.0" type="priority"/>
  <node id="5B" x="74.5" y="-596.0" type="priority"/>
  <node id="6B" x="74.5" y="-745.0" type="priority"/>
  <node id="7B" x="74.5" y="-894.0" type="priority"/>
  
  <node id="1C" x="149" y="0.0" type="priority"/>
  <node id="2C" x="149" y="-149.0" type="priority"/>
  <node id="3C" x="149" y="-298.0" type="priority"/>
  <node id="4C" x="149" y="-447.0" type="priority"/>
  <node id="5C" x="149" y="-596.0" type="priority"/>
  <node id="6C" x="149" y="-745.0" type="priority"/>
  <node id="7C" x="149" y="-894.0" type="priority"/>
  
  <node id="1D" x="223.5" y="0.0" type="priority"/>
  <node id="2D" x="223.5" y="-149.0" type="priority"/>
  <node id="3D" x="223.5" y="-298.0" type="priority"/>
  <node id="4D" x="223.5" y="-447.0" type="priority"/>
  <node id="5D" x="223.5" y="-596.0" type="priority"/>
  <node id="6D" x="223.5" y="-745.0" type="priority"/>
  <node id="7D" x="223.5" y="-894.0" type="priority"/>
  
  <node id="1E" x="2298" y="0.0" type="priority"/>
  <node id="2E" x="2298" y="-149.0" type="priority"/>
  <node id="3E" x="2298" y="-298.0" type="priority"/>
  <node id="4E" x="2298" y="-447.0" type="priority"/>
  <node id="5E" x="2298" y="-596.0" type="priority"/>
  <node id="6E" x="2298" y="-745.0" type="priority"/>
  <node id="7E" x="2298" y="-894.0" type="priority"/>
  
  <node id="1F" x="2372.5" y="0.0" type="priority"/>
  <node id="2F" x="2372.5" y="-149.0" type="priority"/>
  <node id="3F" x="2372.5" y="-298.0" type="priority"/>
  <node id="4F" x="2372.5" y="-447.0" type="priority"/>
  <node id="5F" x="2372.5" y="-596.0" type="priority"/>
  <node id="6F" x="2372.5" y="-745.0" type="priority"/>
  <node id="7F" x="2372.5" y="-894.0" type="priority"/>
  
  <node id="1G" x="2447" y="0.0" type="priority"/>
  <node id="2G" x="2447" y="-149.0" type="priority"/>
  <node id="3G" x="2447" y="-298.0" type="priority"/>
  <node id="4G" x="2447" y="-447.0" type="priority"/>
  <node id="5G" x="2447" y="-596.0" type="priority"/>
  <node id="6G" x="2447" y="-745.0" type="priority"/>
  <node id="7G" x="2447" y="-894.0" type="priority"/>
  
  <node id="1H" x="2521.5" y="0.0" type="priority"/>
  <node id="2H" x="2521.5" y="-149.0" type="priority"/>
  <node id="3H" x="2521.5" y="-298.0" type="priority"/>
  <node id="4H" x="2521.5" y="-447.0" type="priority"/>
  <node id="5H" x="2521.5" y="-596.0" type="priority"/>
  <node id="6H" x="2521.5" y="-745.0" type="priority"/>
  <node id="7H" x="2521.5" y="-894.0" type="priority"/>  
</nodes>