<edges>
  <edge id="1AY" from="1A" to="2A" numLanes="1" speed="12.0"/>
  <edge id="2AY" from="2A" to="3A" numLanes="1" speed="12.0"/>
  <edge id="3AY" from="3A" to="4A" numLanes="1" speed="12.0"/>
  <edge id="4AY" from="4A" to="5A" numLanes="1" speed="12.0"/>
  <edge id="5AY" from="5A" to="6A" numLanes="1" speed="12.0"/>
  <edge id="6AY" from="6A" to="7A" numLanes="1" speed="12.0"/>
  
  <edge id="1BY" from="1B" to="2B" numLanes="1" speed="12.0"/>
  <edge id="2BY" from="2B" to="3B" numLanes="1" speed="12.0"/>
  <edge id="3BY" from="3B" to="4B" numLanes="1" speed="12.0"/>
  <edge id="4BY" from="4B" to="5B" numLanes="1" speed="12.0"/>
  <edge id="5BY" from="5B" to="6B" numLanes="1" speed="12.0"/>
  <edge id="6BY" from="6B" to="7B" numLanes="1" speed="12.0"/>
 
  <edge id="1CY" from="1C" to="2C" numLanes="1" speed="12.0"/>
  <edge id="2CY" from="2C" to="3C" numLanes="1" speed="12.0"/>
  <edge id="3CY" from="3C" to="4C" numLanes="1" speed="12.0"/>
  <edge id="4CY" from="4C" to="5C" numLanes="1" speed="12.0"/>
  <edge id="5CY" from="5C" to="6C" numLanes="1" speed="12.0"/>
  <edge id="6CY" from="6C" to="7C" numLanes="1" speed="12.0"/>
  
  <edge id="1DY" from="1D" to="2D" numLanes="1" speed="12.0"/>
  <edge id="2DY" from="2D" to="3D" numLanes="1" speed="12.0"/>
  <edge id="3DY" from="3D" to="4D" numLanes="1" speed="12.0"/>
  <edge id="4DY" from="4D" to="5D" numLanes="1" speed="12.0"/>
  <edge id="5DY" from="5D" to="6D" numLanes="1" speed="12.0"/>
  <edge id="6DY" from="6D" to="7D" numLanes="1" speed="12.0"/>
  
  <edge id="1EY" from="1E" to="2E" numLanes="1" speed="12.0"/>
  <edge id="2EY" from="2E" to="3E" numLanes="1" speed="12.0"/>
  <edge id="3EY" from="3E" to="4E" numLanes="1" speed="12.0"/>
  <edge id="4EY" from="4E" to="5E" numLanes="1" speed="12.0"/>
  <edge id="5EY" from="5E" to="6E" numLanes="1" speed="12.0"/>
  <edge id="6EY" from="6E" to="7E" numLanes="1" speed="12.0"/>
  
  <edge id="1FY" from="1F" to="2F" numLanes="1" speed="12.0"/>
  <edge id="2FY" from="2F" to="3F" numLanes="1" speed="12.0"/>
  <edge id="3FY" from="3F" to="4F" numLanes="1" speed="12.0"/>
  <edge id="4FY" from="4F" to="5F" numLanes="1" speed="12.0"/>
  <edge id="5FY" from="5F" to="6F" numLanes="1" speed="12.0"/>
  <edge id="6FY" from="6F" to="7F" numLanes="1" speed="12.0"/>
  
  <edge id="1GY" from="1G" to="2G" numLanes="1" speed="12.0"/>
  <edge id="2GY" from="2G" to="3G" numLanes="1" speed="12.0"/>
  <edge id="3GY" from="3G" to="4G" numLanes="1" speed="12.0"/>
  <edge id="4GY" from="4G" to="5G" numLanes="1" speed="12.0"/>
  <edge id="5GY" from="5G" to="6G" numLanes="1" speed="12.0"/>
  <edge id="6GY" from="6G" to="7G" numLanes="1" speed="12.0"/>
  
  <edge id="1HY" from="1H" to="2H" numLanes="1" speed="12.0"/>
  <edge id="2HY" from="2H" to="3H" numLanes="1" speed="12.0"/>
  <edge id="3HY" from="3H" to="4H" numLanes="1" speed="12.0"/>
  <edge id="4HY" from="4H" to="5H" numLanes="1" speed="12.0"/>
  <edge id="5HY" from="5H" to="6H" numLanes="1" speed="12.0"/>
  <edge id="6HY" from="6H" to="7H" numLanes="1" speed="12.0"/>
  
  <edge id="1AX" from="1A" to="1B" numLanes="2" speed="12.0"/>
  <edge id="1BX" from="1B" to="1C" numLanes="2" speed="12.0"/>
  <edge id="1CX" from="1C" to="1D" numLanes="2" speed="12.0"/>
  <edge id="1DX" from="1D" to="1E" numLanes="2" speed="12.0"/>
  <edge id="1EX" from="1E" to="1F" numLanes="2" speed="12.0"/>
  <edge id="1FX" from="1F" to="1G" numLanes="2" speed="12.0"/>
  <edge id="1GX" from="1G" to="1H" numLanes="2" speed="12.0"/>
  
  <edge id="2AX" from="2A" to="2B" numLanes="1" speed="12.0"/>
  <edge id="2BX" from="2B" to="2C" numLanes="1" speed="12.0"/>
  <edge id="2CX" from="2C" to="2D" numLanes="1" speed="12.0"/>
  <edge id="2EX" from="2E" to="2F" numLanes="1" speed="12.0"/>
  <edge id="2FX" from="2F" to="2G" numLanes="1" speed="12.0"/>
  <edge id="2GX" from="2G" to="2H" numLanes="1" speed="12.0"/>
  
  <edge id="3AX" from="3A" to="3B" numLanes="2" speed="12.0"/>
  <edge id="3BX" from="3B" to="3C" numLanes="2" speed="12.0"/>
  <edge id="3CX" from="3C" to="3D" numLanes="2" speed="12.0"/>
  <edge id="3EX" from="3E" to="3F" numLanes="2" speed="12.0"/>
  <edge id="3FX" from="3F" to="3G" numLanes="2" speed="12.0"/>
  <edge id="3GX" from="3G" to="3H" numLanes="2" speed="12.0"/>
  
  <edge id="4AX" from="4A" to="4B" numLanes="1" speed="12.0"/>
  <edge id="4BX" from="4B" to="4C" numLanes="1" speed="12.0"/>
  <edge id="4CX" from="4C" to="4D" numLanes="1" speed="12.0"/>
  <edge id="4DX" from="4D" to="4E" numLanes="1" speed="12.0"/>
  <edge id="4EX" from="4E" to="4F" numLanes="1" speed="12.0"/>
  <edge id="4FX" from="4F" to="4G" numLanes="1" speed="12.0"/>
  <edge id="4GX" from="4G" to="4H" numLanes="1" speed="12.0"/>
  
  <edge id="5AX" from="5A" to="5B" numLanes="2" speed="14.0"/>
  <edge id="5BX" from="5B" to="5C" numLanes="2" speed="14.0"/>
  <edge id="5CX" from="5C" to="5D" numLanes="2" speed="14.0"/>
  <edge id="5EX" from="5E" to="5F" numLanes="2" speed="14.0"/>
  <edge id="5FX" from="5F" to="5G" numLanes="2" speed="14.0"/>
  <edge id="5GX" from="5G" to="5H" numLanes="2" speed="14.0"/>
  
  <edge id="6AX" from="6A" to="6B" numLanes="1" speed="14.0"/>
  <edge id="6BX" from="6B" to="6C" numLanes="1" speed="14.0"/>
  <edge id="6CX" from="6C" to="6D" numLanes="1" speed="14.0"/>
  <edge id="6EX" from="6E" to="6F" numLanes="1" speed="14.0"/>
  <edge id="6FX" from="6F" to="6G" numLanes="1" speed="14.0"/>
  <edge id="6GX" from="6G" to="6H" numLanes="1" speed="14.0"/>
  
  <edge id="7AX" from="7A" to="7B" numLanes="1" speed="14.0"/>
  <edge id="7BX" from="7B" to="7C" numLanes="1" speed="14.0"/>
  <edge id="7CX" from="7C" to="7D" numLanes="1" speed="14.0"/>
  <edge id="7DX" from="7D" to="7E" numLanes="1" speed="14.0"/>
  <edge id="7EX" from="7E" to="7F" numLanes="1" speed="14.0"/>
  <edge id="7FX" from="7F" to="7G" numLanes="1" speed="14.0"/>
  <edge id="7GX" from="7G" to="7H" numLanes="1" speed="14.0"/>
  
  <edge id="1AY2" from="2A" to="1A" numLanes="1" speed="12.0"/>
  <edge id="2AY2" from="3A" to="2A" numLanes="1" speed="12.0"/>
  <edge id="3AY2" from="4A" to="3A" numLanes="1" speed="12.0"/>
  <edge id="4AY2" from="5A" to="4A" numLanes="1" speed="12.0"/>
  <edge id="5AY2" from="6A" to="5A" numLanes="1" speed="12.0"/>
  <edge id="6AY2" from="7A" to="6A" numLanes="1" speed="12.0"/>
  
  <edge id="1BY2" from="2B" to="1B" numLanes="1" speed="12.0"/>
  <edge id="2BY2" from="3B" to="2B" numLanes="1" speed="12.0"/>
  <edge id="3BY2" from="4B" to="3B" numLanes="1" speed="12.0"/>
  <edge id="4BY2" from="5B" to="4B" numLanes="1" speed="12.0"/>
  <edge id="5BY2" from="6B" to="5B" numLanes="1" speed="12.0"/>
  <edge id="6BY2" from="7B" to="6B" numLanes="1" speed="12.0"/>
 
  <edge id="1CY2" from="2C" to="1C" numLanes="1" speed="12.0"/>
  <edge id="2CY2" from="3C" to="2C" numLanes="1" speed="12.0"/>
  <edge id="3CY2" from="4C" to="3C" numLanes="1" speed="12.0"/>
  <edge id="4CY2" from="5C" to="4C" numLanes="1" speed="12.0"/>
  <edge id="5CY2" from="6C" to="5C" numLanes="1" speed="12.0"/>
  <edge id="6CY2" from="7C" to="6C" numLanes="1" speed="12.0"/>
  
  <edge id="1DY2" from="2D" to="1D" numLanes="1" speed="12.0"/>
  <edge id="2DY2" from="3D" to="2D" numLanes="1" speed="12.0"/>
  <edge id="3DY2" from="4D" to="3D" numLanes="1" speed="12.0"/>
  <edge id="4DY2" from="5D" to="4D" numLanes="1" speed="12.0"/>
  <edge id="5DY2" from="6D" to="5D" numLanes="1" speed="12.0"/>
  <edge id="6DY2" from="7D" to="6D" numLanes="1" speed="12.0"/>
  
  <edge id="1EY2" from="2E" to="1E" numLanes="1" speed="12.0"/>
  <edge id="2EY2" from="3E" to="2E" numLanes="1" speed="12.0"/>
  <edge id="3EY2" from="4E" to="3E" numLanes="1" speed="12.0"/>
  <edge id="4EY2" from="5E" to="4E" numLanes="1" speed="12.0"/>
  <edge id="5EY2" from="6E" to="5E" numLanes="1" speed="12.0"/>
  <edge id="6EY2" from="7E" to="6E" numLanes="1" speed="12.0"/>
  
  <edge id="1FY2" from="2F" to="1F" numLanes="1" speed="12.0"/>
  <edge id="2FY2" from="3F" to="2F" numLanes="1" speed="12.0"/>
  <edge id="3FY2" from="4F" to="3F" numLanes="1" speed="12.0"/>
  <edge id="4FY2" from="5F" to="4F" numLanes="1" speed="12.0"/>
  <edge id="5FY2" from="6F" to="5F" numLanes="1" speed="12.0"/>
  <edge id="6FY2" from="7F" to="6F" numLanes="1" speed="12.0"/>
  
  <edge id="1GY2" from="2G" to="1G" numLanes="1" speed="12.0"/>
  <edge id="2GY2" from="3G" to="2G" numLanes="1" speed="12.0"/>
  <edge id="3GY2" from="4G" to="3G" numLanes="1" speed="12.0"/>
  <edge id="4GY2" from="5G" to="4G" numLanes="1" speed="12.0"/>
  <edge id="5GY2" from="6G" to="5G" numLanes="1" speed="12.0"/>
  <edge id="6GY2" from="7G" to="6G" numLanes="1" speed="12.0"/>
  
  <edge id="1HY2" from="2H" to="1H" numLanes="1" speed="12.0"/>
  <edge id="2HY2" from="3H" to="2H" numLanes="1" speed="12.0"/>
  <edge id="3HY2" from="4H" to="6H" numLanes="1" speed="12.0"/>
  <edge id="4HY2" from="5H" to="4H" numLanes="1" speed="12.0"/>
  <edge id="5HY2" from="6H" to="5H" numLanes="1" speed="12.0"/>
  <edge id="6HY2" from="7H" to="6H" numLanes="1" speed="12.0"/>
  
  <edge id="1AX2" from="1B" to="1A" numLanes="2" speed="12.0"/>
  <edge id="1BX2" from="1C" to="1B" numLanes="2" speed="12.0"/>
  <edge id="1CX2" from="1D" to="1C" numLanes="2" speed="12.0"/>
  <edge id="1DX2" from="1E" to="1D" numLanes="2" speed="12.0"/>
  <edge id="1EX2" from="1F" to="1E" numLanes="2" speed="12.0"/>
  <edge id="1FX2" from="1G" to="1F" numLanes="2" speed="12.0"/>
  <edge id="1GX2" from="1H" to="1G" numLanes="2" speed="12.0"/>
  
  <edge id="2AX2" from="2B" to="2A" numLanes="1" speed="12.0"/>
  <edge id="2BX2" from="2C" to="2B" numLanes="1" speed="12.0"/>
  <edge id="2CX2" from="2D" to="2C" numLanes="1" speed="12.0"/>
  <edge id="2EX2" from="2F" to="2E" numLanes="1" speed="12.0"/>
  <edge id="2FX2" from="2G" to="2F" numLanes="1" speed="12.0"/>
  <edge id="2GX2" from="2H" to="2G" numLanes="1" speed="12.0"/>
  
  <edge id="3AX2" from="3B" to="3A" numLanes="2" speed="12.0"/>
  <edge id="3BX2" from="3C" to="3B" numLanes="2" speed="12.0"/>
  <edge id="3CX2" from="3D" to="3C" numLanes="2" speed="12.0"/>
  <edge id="3EX2" from="3F" to="3E" numLanes="2" speed="12.0"/>
  <edge id="3FX2" from="3G" to="3F" numLanes="2" speed="12.0"/>
  <edge id="3GX2" from="3H" to="3G" numLanes="2" speed="12.0"/>
  
  <edge id="4AX2" from="4B" to="4A" numLanes="1" speed="12.0"/>
  <edge id="4BX2" from="4C" to="4B" numLanes="1" speed="12.0"/>
  <edge id="4CX2" from="4D" to="4C" numLanes="1" speed="12.0"/>
  <edge id="4DX2" from="4E" to="4D" numLanes="1" speed="12.0"/>
  <edge id="4EX2" from="4F" to="4E" numLanes="1" speed="12.0"/>
  <edge id="4FX2" from="4G" to="4F" numLanes="1" speed="12.0"/>
  <edge id="4GX2" from="4H" to="4G" numLanes="1" speed="12.0"/>
  
  <edge id="5AX2" from="5B" to="5A" numLanes="2" speed="14.0"/>
  <edge id="5BX2" from="5C" to="5B" numLanes="2" speed="14.0"/>
  <edge id="5CX2" from="5D" to="5C" numLanes="2" speed="14.0"/>
  <edge id="5EX2" from="5F" to="5E" numLanes="2" speed="14.0"/>
  <edge id="5FX2" from="5G" to="5F" numLanes="2" speed="14.0"/>
  <edge id="5GX2" from="5H" to="5G" numLanes="2" speed="14.0"/>
  
  <edge id="6AX2" from="6B" to="6A" numLanes="1" speed="14.0"/>
  <edge id="6BX2" from="6C" to="6B" numLanes="1" speed="14.0"/>
  <edge id="6CX2" from="6D" to="6C" numLanes="1" speed="14.0"/>
  <edge id="6EX2" from="6F" to="6E" numLanes="1" speed="14.0"/>
  <edge id="6FX2" from="6G" to="6F" numLanes="1" speed="14.0"/>
  <edge id="6GX2" from="6H" to="6G" numLanes="1" speed="14.0"/>
  
  <edge id="7AX2" from="7B" to="7A" numLanes="1" speed="14.0"/>
  <edge id="7BX2" from="7C" to="7B" numLanes="1" speed="14.0"/>
  <edge id="7CX2" from="7D" to="7C" numLanes="1" speed="14.0"/>
  <edge id="7DX2" from="7E" to="7D" numLanes="1" speed="14.0"/>
  <edge id="7EX2" from="7F" to="7E" numLanes="1" speed="14.0"/>
  <edge id="7FX2" from="7G" to="7F" numLanes="1" speed="14.0"/>
  <edge id="7GX2" from="7H" to="7G" numLanes="1" speed="14.0"/>
</edges>