<?xml version="1.0" encoding="UTF-8"?>

<!-- generated on 03/05/21 15:33:20 by Eclipse SUMO GUI Version 1.7.0
<configuration xmlns:xsi="http://www.w3.org/2001/XMLSchema-instance" xsi:noNamespaceSchemaLocation="http://sumo.dlr.de/xsd/sumoConfiguration.xsd">

    <input>
        <net-file value="C:\Users\Tashdid\Desktop\CEE\8TH%20SEMESTER\Transportation%20Lab\Assignments\SUMO\New%20folder%20(2)\net.net.xml"/>
        <route-files value="C:\Users\Tashdid\Desktop\CEE\8TH%20SEMESTER\Transportation%20Lab\Assignments\SUMO\New%20folder%20(2)\Assignment49.odtrips.rou.alt.xml"/>
    </input>

    <output>
        <queue-output value="C:\Users\Tashdid\Desktop\CEE\8TH%20SEMESTER\Transportation%20Lab\Assignments\SUMO\New%20folder%20(2)\que.xml"/>
        <summary-output value="C:\Users\Tashdid\Desktop\CEE\8TH%20SEMESTER\Transportation%20Lab\Assignments\SUMO\New%20folder%20(2)\output_sumo.xml"/>
        <tripinfo-output value="C:\Users\Tashdid\Desktop\CEE\8TH%20SEMESTER\Transportation%20Lab\Assignments\SUMO\New%20folder%20(2)\tripinfo.xml"/>
        <tripinfo-output.write-unfinished value="true"/>
        <vehroute-output value="C:\Users\Tashdid\Desktop\CEE\8TH%20SEMESTER\Transportation%20Lab\Assignments\SUMO\New%20folder%20(2)\vehroute.xml"/>
        <vehroute-output.exit-times value="true"/>
        <vehroute-output.route-length value="true"/>
        <vehroute-output.write-unfinished value="true"/>
        <vehroute-output.skip-ptlines value="true"/>
        <lanechange-output value="C:\Users\Tashdid\Desktop\CEE\8TH%20SEMESTER\Transportation%20Lab\Assignments\SUMO\New%20folder%20(2)\lanechange.out.xml"/>
        <lanechange-output.started value="true"/>
        <lanechange-output.ended value="true"/>
        <stop-output value="C:\Users\Tashdid\Desktop\CEE\8TH%20SEMESTER\Transportation%20Lab\Assignments\SUMO\New%20folder%20(2)\stop.out.xml"/>
    </output>

    <time>
        <begin value="0"/>
        <end value="3500"/>
    </time>

</configuration>
-->

<stops xmlns:xsi="http://www.w3.org/2001/XMLSchema-instance" xsi:noNamespaceSchemaLocation="http://sumo.dlr.de/xsd/stopinfo_file.xsd">
</stops>
